Agent name,Recall,Precision,F1 Score
IsolationForest,0.6265060240963856,0.5909090909090909,0.6081871345029239
OneClassSVM,0.5783132530120482,0.8135593220338984,0.676056338028169
Autoencoder,0.39759036144578314,0.75,0.5196850393700787
Ensemble,0.5783132530120482,0.8571428571428571,0.6906474820143885
