Agent name,Recall,Precision,F1 Score
IsolationForest,0.6265060240963856,0.5909090909090909,0.6081871345029239
OneClassSVM,0.5421686746987951,0.6081081081081081,0.5732484076433121
Autoencoder,0.39759036144578314,0.75,0.5196850393700787
Ensemble,0.5301204819277109,0.88,0.6616541353383458
