Agent name,Recall,Precision,F1 Score
IsolationForest,0.7142857142857143,0.625,0.6666666666666666
OneClassSVM,1.0,0.7,0.8235294117647058
Autoencoder,0.7142857142857143,0.45454545454545453,0.5555555555555556
Ensemble,1.0,0.5384615384615384,0.7
