Agent name,Recall,Precision,F1 Score
IsolationForest,0.7142857142857143,0.625,0.6666666666666666
OneClassSVM,1.0,0.28,0.4375
Autoencoder,0.7142857142857143,0.45454545454545453,0.5555555555555556
Ensemble,0.8571428571428571,0.75,0.8
