Agent name,Recall,Precision,F1 Score
IsolationForest,0.7272727272727273,0.8421052631578947,0.7804878048780488
OneClassSVM,0.6818181818181818,0.6818181818181818,0.6818181818181818
Autoencoder,0.7727272727272727,0.38636363636363635,0.5151515151515151
Ensemble,0.7272727272727273,0.8421052631578947,0.7804878048780488
